City,Lat,Lng,Max Temp,Humidity,Cloudiness,Wind Speed,Country,Date
Narsaq,60.92,-46.05,30.2,54,75,2.24,GL,1601464402
Manta,-0.95,-80.73,69.3,85,99,7.38,EC,1601464402
Longyearbyen,78.22,15.64,39.2,80,75,14.99,SJ,1601464402
Butaritari,3.07,172.79,82.08,76,1,13.56,KI,1601464403
Vila Franca do Campo,37.72,-25.43,68.0,64,40,8.05,PT,1601464403
Provideniya,64.38,-173.3,35.01,86,0,4.05,RU,1601464273
Saint-Philippe,-21.36,55.77,77.0,65,75,6.93,RE,1601464403
Ushuaia,-54.8,-68.3,32.0,95,90,11.41,AR,1601464305
Bluff,-46.6,168.33,46.99,94,59,5.01,NZ,1601464306
Kapaa,22.08,-159.32,73.4,88,1,8.05,US,1601464404
Byron Bay,-28.65,153.62,64.4,72,74,6.93,AU,1601464404
Tasiilaq,65.61,-37.64,30.2,86,20,11.41,GL,1601464404
Oodweyne,9.41,45.06,86.38,35,84,10.89,SO,1601464405
Mataura,-46.19,168.86,46.99,94,89,5.01,NZ,1601464405
Vaini,-21.2,-175.2,77.0,100,90,5.82,TO,1601464306
Touros,-5.2,-35.46,75.2,83,20,6.93,BR,1601464405
Pevek,69.7,170.31,37.89,78,89,12.55,RU,1601464405
Dikson,73.51,80.55,35.78,82,100,12.95,RU,1601464272
Sola,-13.88,167.55,79.5,81,32,24.43,VU,1601464406
Chui,-33.7,-53.46,57.06,92,11,2.01,UY,1601464406
Mehamn,71.04,27.85,50.0,87,75,3.36,NO,1601464406
Avarua,-21.21,-159.78,75.2,88,28,20.8,CK,1601464306
Wanparti,16.37,78.07,78.22,85,100,5.53,IN,1601464194
Cumanayagua,22.15,-80.2,75.2,94,0,3.36,CU,1601464407
Clyde River,70.47,-68.59,28.4,92,90,10.29,CA,1601464295
Le Port,-20.94,55.29,77.0,69,90,9.17,RE,1601464407
Bilibino,68.05,166.44,30.15,93,80,1.83,RU,1601464273
Busselton,-33.65,115.33,62.01,78,93,13.98,AU,1601464408
Shimoda,34.67,138.95,57.99,85,84,7.2,JP,1601464263
Manakara,-22.13,48.02,80.49,63,0,14.25,MG,1601464408
Mar del Plata,-38.0,-57.56,62.01,87,0,4.7,AR,1601464409
Alyangula,-13.85,136.42,80.6,65,36,8.05,AU,1601464306
Castro,-24.79,-50.01,70.47,71,19,4.7,BR,1601464409
Bethel,41.37,-73.41,62.01,100,90,4.7,US,1601464410
St. George's,12.06,-61.75,80.6,88,20,5.82,GD,1601464410
Saint Paul Harbor,57.79,-152.41,53.6,93,90,26.4,US,1601464410
Carutapera,-1.2,-46.02,82.33,70,14,11.56,BR,1601464410
Kathu,7.92,98.33,88.0,74,20,8.05,TH,1601464411
Port Alfred,-33.59,26.89,70.92,41,0,14.76,ZA,1601464411
Lavrentiya,65.58,-171.0,33.85,89,0,4.0,RU,1601464273
Chegutu,-18.13,30.14,94.86,19,43,5.26,ZW,1601464412
Chokurdakh,70.63,147.92,38.57,90,100,11.5,RU,1601464272
Cape Town,-33.93,18.42,64.99,51,40,13.87,ZA,1601464380
Prachuap Khiri Khan,11.82,99.78,81.75,77,96,6.55,TH,1601464413
Cam Ranh,11.92,109.16,87.8,79,40,5.82,VN,1601464413
Acapulco de Juárez,16.86,-99.89,78.46,77,77,4.09,MX,1601464413
Torbay,47.67,-52.73,66.99,93,90,11.41,CA,1601464413
Arrecife,28.96,-13.55,78.8,61,40,8.05,ES,1601464414
Zhangjiakou,40.81,114.88,58.62,65,99,11.56,CN,1601464288
Nanortalik,60.14,-45.24,34.27,73,93,4.45,GL,1601464263
Albany,42.6,-73.97,54.0,90,100,1.68,US,1601464414
Nikolskoye,59.7,30.79,62.6,63,75,6.71,RU,1601464414
Rikitea,-23.12,-134.97,70.32,80,66,23.33,PF,1601464415
Padang,-0.95,100.35,81.54,75,85,0.94,ID,1601464183
Upernavik,72.79,-56.15,23.97,94,96,12.93,GL,1601464263
Lompoc,34.64,-120.46,55.4,100,90,3.36,US,1601464415
Águia Branca,-18.98,-40.74,75.02,70,94,4.68,BR,1601464416
Oistins,13.07,-59.53,80.6,88,40,24.16,BB,1601464416
Sept-Îles,50.2,-66.38,55.0,100,90,9.17,CA,1601464416
Saint George,37.1,-113.58,61.0,17,1,5.82,US,1601464416
Marsala,37.8,12.44,78.8,69,40,2.24,IT,1601464416
Sørland,67.67,12.69,53.6,87,90,10.29,NO,1601464417
Benton Harbor,42.12,-86.45,52.0,81,75,5.82,US,1601464417
Coyhaique,-45.58,-72.07,35.6,69,44,1.12,CL,1601464417
Hithadhoo,-0.6,73.08,83.89,65,100,4.74,MV,1601464417
Qaanaaq,77.48,-69.36,13.3,78,0,6.22,GL,1601464296
Rosetta,31.4,30.42,87.8,62,20,6.93,EG,1601464418
Dul'durga,50.68,113.59,46.15,66,100,0.72,RU,1601464418
Bambous Virieux,-20.34,57.76,75.99,64,75,9.17,MU,1601464418
Tamale,9.4,-0.84,79.14,81,92,6.6,GH,1601464419
Bengkulu,-3.8,102.27,81.52,80,45,14.05,ID,1601464128
Dingle,11.0,122.67,79.16,87,84,1.23,PH,1601464419
Port Elizabeth,-33.92,25.57,69.8,52,0,9.17,ZA,1601464419
Hermanus,-34.42,19.23,61.0,63,80,5.99,ZA,1601464419
Kroonstad,-27.65,27.23,75.99,31,0,7.0,ZA,1601464294
Yellowknife,62.46,-114.35,36.0,100,20,5.82,CA,1601464300
Batticaloa,7.71,81.69,86.58,64,92,4.03,LK,1601464140
Ucluelet,48.93,-125.55,60.01,84,0,8.72,CA,1601464420
Vondrozo,-22.82,47.28,83.82,36,0,6.49,MG,1601464421
Camopi,3.17,-52.32,78.35,82,100,2.57,GF,1601464421
Puerto Ayora,-0.74,-90.35,66.99,90,86,5.99,EC,1601464421
Jamestown,42.1,-79.24,60.01,93,90,4.7,US,1601464182
Östersund,63.18,14.64,53.6,76,20,9.17,SE,1601464421
Tuktoyaktuk,69.45,-133.04,35.67,86,100,5.35,CA,1601464422
Vieste,41.88,16.18,71.6,46,20,5.82,IT,1601464422
Atuona,-9.8,-139.03,78.06,75,1,23.04,PF,1601464422
Meulaboh,4.14,96.13,82.11,80,100,11.34,ID,1601464307
Mount Isa,-20.73,139.5,87.8,15,0,9.17,AU,1601464307
Saldanha,-33.01,17.94,62.6,45,40,11.41,ZA,1601464423
Nara,34.69,135.8,73.99,69,75,4.7,JP,1601464424
Itarema,-2.92,-39.92,80.91,62,93,18.32,BR,1601464424
Ngunguru,-35.62,174.5,46.99,86,4,1.01,NZ,1601464424
Cidreira,-30.18,-50.21,65.93,92,70,8.68,BR,1601464424
Hamilton,39.18,-84.53,48.99,93,1,4.7,US,1601464175
Barrow,71.29,-156.79,32.0,98,90,11.41,US,1601464425
New Norfolk,-42.78,147.06,55.99,66,100,5.01,AU,1601464425
Muravlenko,63.79,74.52,44.65,71,100,7.94,RU,1601464426
Ambilobe,-13.2,49.05,87.8,51,64,4.7,MG,1601464426
Esperance,-33.87,121.9,64.4,77,0,8.05,AU,1601464307
Saskylakh,71.92,114.08,24.73,95,45,0.49,RU,1601464370
Geraldton,-28.77,114.6,64.4,72,0,9.17,AU,1601464426
Takaka,-40.85,172.8,46.99,84,82,0.98,NZ,1601464223
Tiksi,71.69,128.87,32.52,95,100,17.27,RU,1601464272
Sur,22.57,59.53,90.34,43,0,6.38,OM,1601464281
Punta Arenas,-53.15,-70.92,35.01,84,90,18.34,CL,1601464427
Kaitangata,-46.28,169.85,46.99,76,73,4.0,NZ,1601464428
Sīra,13.75,76.91,79.52,70,100,10.13,IN,1601464428
Mold,53.17,-3.14,55.4,87,75,12.75,GB,1601464428
São Filipe,14.9,-24.5,79.57,76,22,11.18,CV,1601464428
Barra de Tecoanapa,16.52,-98.75,76.71,85,100,4.14,MX,1601464428
Severo-Kuril'sk,50.68,156.12,49.95,80,100,3.27,RU,1601464429
Areia Branca,-4.96,-37.14,81.43,57,1,18.23,BR,1601464429
Saint-Leu,-21.15,55.28,77.0,65,75,6.93,RE,1601464429
Nabire,-3.37,135.48,77.45,87,100,2.64,ID,1601464308
Yerofey Pavlovich,53.97,121.97,40.66,74,97,3.11,RU,1601464276
Laguna,38.42,-121.42,66.0,82,1,3.36,US,1601464430
Gamba,-2.65,10.0,81.48,61,91,7.34,GA,1601464430
Yar-Sale,66.83,70.83,43.3,84,100,5.39,RU,1601464431
Torquay,50.46,-3.51,57.99,9,100,28.48,GB,1601464431
Egvekinot,66.32,-179.17,31.59,98,89,0.56,RU,1601464431
Quang Ngai,15.12,108.8,81.84,80,33,4.18,VN,1601464182
Yerraguntla,14.64,78.54,82.13,73,100,8.97,IN,1601464432
Champasak,14.75,106.0,78.51,87,100,2.24,LA,1601464432
Hobart,-42.88,147.33,57.2,67,90,14.99,AU,1601464249
Mosjøen,65.84,13.19,59.0,71,75,2.24,NO,1601464433
Constitución,-35.33,-72.42,47.62,83,98,6.89,CL,1601464304
Guilin,25.28,110.29,73.4,94,90,2.24,CN,1601464280
Usinsk,65.99,57.53,54.61,74,55,11.12,RU,1601464147
Norden,53.6,7.2,63.0,82,75,9.17,DE,1601464434
Dubbo,-32.25,148.62,51.8,93,57,4.7,AU,1601464246
Ürümqi,43.8,87.6,60.8,18,0,8.95,CN,1601464435
Jiazi,22.88,116.07,76.6,87,96,19.86,CN,1601464435
Hirara,24.8,125.28,78.8,69,40,11.41,JP,1601464285
Kuytun,54.34,101.5,32.13,93,98,5.79,RU,1601464436
Lüderitz,-26.65,15.16,66.81,52,0,30.94,NA,1601464436
Carnarvon,-24.87,113.63,73.4,78,0,17.22,AU,1601464362
Marsaxlokk,35.84,14.54,80.01,54,40,8.05,MT,1601464436
Nemuro,43.32,145.57,56.61,83,99,10.54,JP,1601464436
Koratla,18.82,78.72,82.33,82,95,5.68,IN,1601464437
Katherine,-14.47,132.27,91.4,24,74,6.93,AU,1601464437
Thessalon,46.25,-83.57,50.0,93,90,10.51,CA,1601464437
Russell,32.35,-85.2,51.8,93,1,3.69,US,1601464437
Bredasdorp,-34.53,20.04,64.4,45,75,8.05,ZA,1601464438
Kiryat Gat,31.61,34.76,90.0,40,0,7.0,IL,1601464438
Margate,51.38,1.39,63.0,69,100,7.0,GB,1601464438
Yangi Marg`ilon,40.43,71.72,57.2,71,40,4.7,UZ,1601464438
Puerto Quijarro,-17.78,-57.77,86.14,39,2,1.48,BO,1601464438
Cayenne,4.93,-52.33,77.0,100,81,7.23,GF,1601464439
Bima,-8.47,118.72,79.93,68,61,2.66,ID,1601464440
Ribeira Grande,38.52,-28.7,68.0,77,75,4.7,PT,1601464440
Siyabuswa,-25.11,29.04,79.99,35,30,17.13,ZA,1601464440
Santander,43.46,-3.8,68.0,72,20,10.29,ES,1601464440
Iqaluit,63.75,-68.51,32.0,92,75,17.22,CA,1601464440
Gnjilane,42.46,21.47,60.8,48,40,8.05,XK,1601464441
Ponta do Sol,32.67,-17.1,75.99,64,40,10.29,PT,1601464441
Hong Kong,22.29,114.16,86.0,81,72,15.19,HK,1601464295
Heraclea,37.51,34.05,77.49,30,0,7.49,TR,1601464441
Kruisfontein,-34.0,24.73,66.13,43,0,12.46,ZA,1601464441
Cockburn Town,21.46,-71.14,84.2,77,78,17.74,TC,1601464442
Naze,28.37,129.48,73.4,88,75,10.29,JP,1601464323
Zavodoukovsk,56.5,66.55,57.6,70,21,6.2,RU,1601464335
Zhigansk,66.77,123.37,29.37,94,80,7.07,RU,1601464273
Cabra,37.47,-4.44,79.0,34,100,6.53,ES,1601464443
Raja,8.46,25.68,79.2,76,89,6.55,SS,1601464443
Newton,42.34,-71.21,73.99,87,90,16.11,US,1601464443
Arraial do Cabo,-22.97,-42.03,73.4,94,75,5.82,BR,1601464443
Portsmouth,50.8,-1.09,63.0,82,100,3.0,GB,1601464443
Øksfjord,70.24,22.35,53.01,81,75,5.82,NO,1601464444
Ust-Nera,64.57,143.2,33.03,82,70,6.82,RU,1601464444
Isangel,-19.55,169.27,71.06,77,63,17.18,VU,1601464444
Sibolga,1.74,98.78,81.39,76,55,2.55,ID,1601464445
Katsuura,35.13,140.3,69.8,77,75,13.87,JP,1601464261
Moindou,-21.69,165.68,64.4,59,75,4.7,NC,1601464445
Mount Gambier,-37.83,140.77,50.0,87,75,10.29,AU,1601464445
Ancud,-41.87,-73.82,41.0,86,75,6.93,CL,1601464445
Nichinan,31.6,131.37,68.0,94,75,4.7,JP,1601464446
Klaksvík,62.23,-6.59,50.0,93,100,33.33,FO,1601464446
Arrondissement de Clermont,49.5,2.42,62.6,88,90,10.29,FR,1601464446
Thompson,55.74,-97.86,42.8,100,90,10.29,CA,1601464446
Ormara,25.21,64.64,84.87,57,0,17.9,PK,1601464447
Ottawa,45.41,-75.7,53.6,93,90,6.93,CA,1601464205
Altay,47.87,88.12,42.55,61,39,3.47,CN,1601464447
Gisborne,-38.65,178.0,48.99,73,58,1.01,NZ,1601464306
Usakos,-22.0,15.6,89.28,10,0,14.16,NA,1601464447
Ardmore,34.17,-97.14,57.99,87,1,7.02,US,1601464448
Jurm,36.86,70.83,52.74,50,99,1.99,AF,1601464448
Bambanglipuro,-7.95,110.28,78.66,82,30,10.49,ID,1601464448
Shemonaīkha,50.63,81.91,42.64,63,41,12.06,KZ,1601464448
North Branch,45.51,-92.98,48.0,99,99,5.01,US,1601464448
Mvangué,2.97,11.52,78.69,65,100,3.4,CM,1601464449
Ayan,56.45,138.17,46.33,60,78,10.8,RU,1601464276
Beyneu,45.32,55.2,72.05,27,27,19.35,KZ,1601464278
Whitehorse,60.72,-135.05,42.8,56,75,10.29,CA,1601464299
East London,-33.02,27.91,69.8,56,0,19.46,ZA,1601464450
Harper,4.38,-7.72,78.44,86,100,13.35,LR,1601464450
Hasaki,35.73,140.83,64.4,88,75,1.12,JP,1601464411
Chernyshevskiy,63.01,112.47,26.8,86,8,2.17,RU,1601464451
Singaraja,-8.11,115.09,81.23,72,50,2.64,ID,1601464206
Merauke,-8.47,140.33,79.43,73,100,15.3,ID,1601464308
Starkville,33.45,-88.82,50.0,100,1,4.43,US,1601464451
Puerto Madryn,-42.77,-65.04,42.89,81,36,18.68,AR,1601464451
Three Hills,51.7,-113.27,46.0,60,40,8.05,CA,1601464296
Khatanga,71.97,102.5,25.03,96,79,8.57,RU,1601464272
Richards Bay,-28.78,32.04,69.94,62,82,10.89,ZA,1601464452
Madang,-5.22,145.8,79.83,84,67,8.12,PG,1601464452
Krasnogorskoye,52.3,86.2,39.49,74,98,5.37,RU,1601464453
Chingirlau,51.09,54.08,70.0,26,1,6.33,KZ,1601464453
Albury,-36.08,146.92,59.0,93,90,6.93,AU,1601464244
Oranjemund,-28.55,16.43,60.89,68,0,28.32,NA,1601464453
Yumen,40.28,97.2,58.6,31,0,9.22,CN,1601464454
Labuan,5.28,115.24,84.2,79,20,8.16,MY,1601464206
Lichuan,30.3,108.85,56.57,95,76,3.69,CN,1601464454
Nakambala,-15.83,27.78,96.82,19,17,8.37,ZM,1601464454
Kerchevskiy,59.95,56.29,59.95,66,29,1.23,RU,1601464454
Narón,43.52,-8.15,68.0,65,81,10.47,ES,1601464455
Norman Wells,65.28,-126.83,37.4,86,40,5.82,CA,1601464295
Waipawa,-41.41,175.52,44.6,65,0,3.36,NZ,1601464455
Kununurra,-15.77,128.73,77.0,88,28,5.82,AU,1601464455
Ulladulla,-35.35,150.47,59.0,82,45,5.82,AU,1601464251
Mahébourg,-20.41,57.7,75.2,64,75,9.17,MU,1601464456
Adré,13.47,22.2,86.85,45,100,5.97,TD,1601464456
Tuatapere,-46.13,167.68,46.99,94,78,5.01,NZ,1601464306
Quelimane,-17.88,36.89,86.0,62,20,13.87,MZ,1601464456
Ban Nahin,18.24,104.21,79.63,88,80,2.44,LA,1601464457
San Policarpo,12.18,125.51,82.72,76,100,2.01,PH,1601464457
Shingū,33.73,135.98,71.6,78,75,4.7,JP,1601464236
Zyryanka,65.75,150.85,44.47,71,100,8.32,RU,1601464457
Srednekolymsk,67.45,153.68,45.77,79,100,7.38,RU,1601464458
Ulaangom,49.98,92.07,48.2,49,98,10.58,MN,1601464458
George Town,5.41,100.34,86.0,74,20,4.7,MY,1601464458
Hilo,19.73,-155.09,73.4,78,75,4.7,US,1601464437
Beringovskiy,63.05,179.32,40.28,74,1,2.82,RU,1601464458
Katobu,-4.94,122.53,76.66,89,93,3.27,ID,1601464459
Sande,53.5,8.01,64.99,82,75,9.17,DE,1601464459
Gary,41.59,-87.35,51.8,76,1,5.82,US,1601464459
Birjand,32.87,59.22,71.6,6,0,13.87,IR,1601464280
Aloleng,16.13,119.78,83.73,72,100,4.36,PH,1601464460
Mussomeli,37.58,13.75,77.0,46,0,1.01,IT,1601464460
Fairbanks,64.84,-147.72,48.99,62,90,9.17,US,1601464461
Talnakh,69.49,88.4,30.2,92,75,11.18,RU,1601464461
Lorengau,-2.02,147.27,81.86,78,16,7.45,PG,1601464461
Kahului,20.89,-156.47,80.6,69,75,8.05,US,1601464461
Ahipara,-35.17,173.17,50.14,78,13,5.3,NZ,1601464462
Evinayong,1.44,10.55,84.43,50,76,1.99,GQ,1601464462
Andenes,69.31,16.12,51.8,87,20,4.7,NO,1601464463
Porto Walter,-8.27,-72.74,70.09,96,93,0.85,BR,1601464463
Plettenberg Bay,-34.05,23.37,61.09,57,0,7.72,ZA,1601464463
Airai,-8.93,125.41,62.98,91,21,2.75,TL,1601464463
Capinzal,-27.34,-51.61,72.5,79,26,2.95,BR,1601464464
Santa Fe,-31.63,-60.7,66.99,66,0,3.0,AR,1601464464
Bida,9.08,6.02,85.96,64,95,4.18,NG,1601464293
Los Llanos de Aridane,28.66,-17.92,75.2,73,75,8.05,ES,1601464464
Myaundzha,63.05,147.19,34.16,83,100,5.75,RU,1601464464
Makat,47.65,53.35,73.81,21,0,15.08,KZ,1601464465
Mokhsogollokh,61.47,128.92,36.84,86,100,5.55,RU,1601464465
Lebu,-37.62,-73.65,45.18,77,93,11.3,CL,1601464465
Paamiut,61.99,-49.67,31.35,74,89,4.59,GL,1601464263
Lázaro Cárdenas,17.96,-102.2,77.77,83,80,4.88,MX,1601464466
Kavieng,-2.57,150.8,82.72,73,54,4.36,PG,1601464466
Camacha,33.08,-16.33,73.4,64,75,11.41,PT,1601464466
Pucara,-15.98,-71.46,36.66,75,93,1.43,PE,1601464466
San Quintín,30.48,-115.95,75.15,48,0,1.45,MX,1601464467
Erdenet,49.03,104.08,36.79,78,100,17.27,MN,1601464467
Hambantota,6.12,81.12,78.8,100,75,12.75,LK,1601464283
Baykit,61.67,96.37,33.91,90,100,6.26,RU,1601464467
Souillac,-20.52,57.52,75.2,64,75,9.17,MU,1601464467
Atar,20.52,-13.05,97.9,20,0,12.95,MR,1601464291
Tucuruí,-3.77,-49.67,76.89,84,17,6.49,BR,1601464468
Pochutla,15.74,-96.47,73.99,90,100,4.12,MX,1601464468
Te Anau,-45.42,167.72,36.7,89,32,1.16,NZ,1601464213
Makakilo City,21.35,-158.09,75.2,73,1,3.36,US,1601464469
Buraidah,26.33,43.98,98.6,19,0,5.82,SA,1601464447
Orangeburg,33.49,-80.86,55.4,93,1,4.7,US,1601464297
Safford,32.83,-109.71,64.4,27,1,5.82,US,1601464469
Flinders,-34.58,150.86,63.0,74,66,1.01,AU,1601464470
Esil,51.96,66.4,55.15,61,85,5.66,KZ,1601464470
Berdigestyakh,62.1,126.7,32.29,97,100,2.71,RU,1601464446
Sokoto,13.06,5.24,89.19,50,6,7.18,NG,1601464470
Chifeng,42.27,118.96,53.47,42,48,8.23,CN,1601464354
Matanzas,23.04,-81.58,73.4,100,20,5.82,CU,1601464471
Yining,29.04,114.56,69.76,85,60,3.87,CN,1601464471
Mwene-Ditu,-7.0,23.45,85.86,51,23,4.47,CD,1601464471
Quatre Cocos,-20.21,57.76,75.99,64,75,9.17,MU,1601464472
Berlevåg,70.86,29.09,48.2,100,75,10.29,NO,1601464472
Faanui,-16.48,-151.75,78.53,79,18,23.17,PF,1601464306
Paphos,34.77,32.42,84.2,66,40,17.22,CY,1601464472
Itoman,26.12,127.67,78.8,69,75,26.4,JP,1601464472
Cabo San Lucas,22.89,-109.91,80.01,75,0,2.44,MX,1601464473
Dalbandin,28.89,64.41,85.96,14,0,0.51,PK,1601464281
Våler,60.68,11.83,60.01,87,86,5.06,NO,1601464473
Ilulissat,69.22,-51.1,28.4,58,75,9.17,GL,1601464469
Champerico,14.3,-91.92,64.99,96,89,4.38,GT,1601464473
Beloha,-25.17,45.05,80.02,52,79,16.2,MG,1601464474
Gossaigaon,26.45,89.99,87.71,72,29,2.75,IN,1601464474
Grindavik,63.84,-22.43,41.0,80,75,13.87,IS,1601464474
Buluang,13.31,123.34,81.25,82,90,2.42,PH,1601464475
Colares,38.8,-9.45,71.01,72,20,9.17,PT,1601464475
Balakliya,49.46,36.86,68.0,25,100,22.37,UA,1601464475
Karpogory,64.0,44.45,51.44,80,69,2.82,RU,1601464272
Goderich,43.75,-81.72,55.0,82,25,1.01,CA,1601464475
Samarai,-10.62,150.67,78.71,85,80,15.79,PG,1601464476
Hamina,60.57,27.2,57.99,82,40,6.93,FI,1601464476
Cairns,-16.92,145.77,73.4,73,90,6.93,AU,1601464221
Namwala,-15.75,26.44,94.68,19,84,5.93,ZM,1601464476
Inhambane,-23.86,35.38,73.4,94,75,11.41,MZ,1601464477
Mitsamiouli,-11.38,43.28,82.4,74,75,19.46,KM,1601464477
Mazagão,-0.12,-51.29,78.8,94,20,4.7,BR,1601464477
São Francisco,-15.95,-44.86,85.21,33,9,10.69,BR,1601464477
Port Lincoln,-34.73,135.87,52.97,72,30,9.82,AU,1601464477
Prince Rupert,54.32,-130.32,51.8,100,1,2.24,CA,1601464296
Broome,42.25,-75.83,53.01,100,90,9.17,US,1601464478
Vilyuysk,63.76,121.62,29.52,91,100,2.68,RU,1601464273
Mackenzie,55.3,-123.17,32.0,81,1,2.24,CA,1601464300
Angoche,-16.23,39.91,83.07,60,16,9.6,MZ,1601464424
Westport,41.14,-73.36,63.0,99,100,14.7,US,1601464479
Road Town,18.42,-64.62,80.01,86,4,21.0,VG,1601464479
Maragogi,-9.01,-35.22,78.94,69,25,11.56,BR,1601464479
Sitka,57.05,-135.33,64.4,55,1,16.11,US,1601464480
La Reforma,18.1,-91.02,72.57,98,93,7.56,MX,1601464480
Tazovsky,67.47,78.7,40.23,73,95,6.71,RU,1601464272
Sambava,-14.27,50.17,78.51,76,66,9.17,MG,1601464480
Kapoeta,4.77,33.59,83.55,56,100,7.43,SS,1601464480
Cherskiy,68.75,161.3,39.29,73,77,12.5,RU,1601464273
Yerbogachën,61.28,108.01,30.33,86,52,3.56,RU,1601464273
Salinópolis,-0.61,-47.36,82.0,75,14,14.52,BR,1601464481
Ararat,39.83,44.7,73.4,25,95,1.12,AM,1601464481
Altamont,42.21,-121.74,50.0,70,1,3.36,US,1601464482
Devrek,41.22,31.96,73.4,56,40,8.05,TR,1601464482
Udachny,66.42,112.4,26.6,68,90,4.47,RU,1601464273
Derzhavīnsk,51.1,66.32,55.44,56,59,7.85,KZ,1601464482
Itamaracá,-7.75,-34.83,80.6,61,75,12.75,BR,1601464482
Umluj,25.02,37.27,96.44,28,0,14.56,SA,1601464483
Chapais,49.78,-74.85,50.0,100,90,6.93,CA,1601464299
Labuhan,-6.88,112.21,84.13,68,73,10.58,ID,1601464483
Bratsk,56.13,101.61,32.0,58,20,8.95,RU,1601464229
Hofn,64.25,-15.21,42.8,87,90,11.41,IS,1601464484
Gerede,40.8,32.2,63.34,40,8,9.19,TR,1601464484
Codrington,-38.27,141.97,48.63,85,82,10.67,AU,1601464484
Cayhagan,9.67,122.43,80.98,76,100,3.67,PH,1601464484
Khor,47.89,134.95,46.87,76,0,2.04,RU,1601464484
Novoil'insk,51.68,108.71,39.36,74,84,6.35,RU,1601464485
Parrita,9.52,-84.32,66.2,100,95,4.7,CR,1601464485
St. Pete Beach,27.73,-82.74,66.0,1,71,3.0,US,1601464485
Sayansk,54.11,102.16,31.59,93,95,5.77,RU,1601464485
Kathmandu,27.72,85.32,80.6,69,40,5.82,NP,1601464414
Goose Creek,32.98,-80.03,57.99,93,40,8.05,US,1601464486
Chippewa Falls,44.94,-91.39,48.0,95,55,8.57,US,1601464486
Cotonou,6.37,2.42,82.4,83,40,16.11,BJ,1601464212
Sampit,-2.53,112.95,79.97,76,74,5.88,ID,1601464478
Tessalit,20.2,1.01,105.58,7,0,16.62,ML,1601464291
San Cristobal,7.77,-72.22,65.03,77,100,3.22,VE,1601464487
Kieta,-6.22,155.63,79.29,79,58,3.65,PG,1601464305
Fortuna,40.6,-124.16,59.0,100,90,0.36,US,1601464488
Marawi,8.0,124.29,80.01,83,98,4.0,PH,1601464488
Timberlake,37.32,-79.26,51.8,87,1,5.19,US,1601464488
Wanxian,30.8,108.39,75.58,65,88,2.64,CN,1601464488
Aracati,-4.56,-37.77,81.12,58,41,13.78,BR,1601464489
Portland,45.52,-122.68,61.0,82,75,1.05,US,1601464489
Tazmalt,36.39,4.4,77.0,69,40,4.7,DZ,1601464489
Praia,14.92,-23.51,82.4,74,40,16.11,CV,1601464489
Guider,9.93,13.95,84.2,70,20,8.05,CM,1601464489
Afuá,-0.16,-50.39,81.84,72,19,7.2,BR,1601464490
Bako,5.78,36.57,73.99,78,40,2.8,ET,1601464490
Corinth,37.94,22.96,73.99,42,0,20.0,GR,1601464490
Qasigiannguit,68.82,-51.19,28.4,58,75,9.17,GL,1601464490
Mallaig,54.22,-111.37,38.16,87,2,9.89,CA,1601464491
Yajalón,17.23,-92.33,63.18,98,94,2.73,MX,1601464491
China,25.7,-99.23,64.42,42,0,5.14,MX,1601464487
Narganá,9.44,-78.59,79.12,81,98,7.45,PA,1601464491
Ostrovnoy,68.05,39.51,53.4,73,4,14.14,RU,1601464272
Ixtapa,20.7,-105.2,74.43,80,56,4.5,MX,1601464492
Letlhakeng,-24.09,25.03,89.1,21,5,12.28,BW,1601464492
Netolice,49.05,14.2,59.0,83,16,1.01,CZ,1601464492
Half Moon Bay,37.46,-122.43,61.0,100,90,5.82,US,1601464492
Mbanza-Ngungu,-5.25,14.87,86.23,43,51,6.64,CD,1601464493
Alofi,-19.06,-169.92,75.2,94,60,8.05,NU,1601464236
Sobolevo,54.43,31.9,60.35,52,32,15.12,RU,1601464493
Mrągowo,53.86,21.31,60.8,72,89,13.87,PL,1601464493
Livingston,55.9,-3.52,54.0,87,100,6.93,GB,1601464493
Dvinskoy Bereznik,62.86,42.71,53.37,77,94,4.88,RU,1601464494
Asău,46.43,26.4,55.0,82,100,14.79,RO,1601464494
Buala,-8.14,159.59,80.49,79,44,5.08,SB,1601464494
Kidal,18.44,1.41,103.71,7,23,11.41,ML,1601464494
Aripuanã,-9.17,-60.63,79.34,68,65,1.25,BR,1601464494
Mumford,5.26,-0.76,78.93,82,83,13.29,GH,1601464421
Nelson Bay,-32.72,152.15,63.0,77,75,11.97,AU,1601464198
Charters Towers,-20.1,146.27,67.46,68,0,17.54,AU,1601464495
Maningrida,-12.07,134.27,78.93,73,0,9.4,AU,1601464496
Port Keats,-14.25,129.55,82.49,73,28,7.14,AU,1601464496
Kulhudhuffushi,6.62,73.07,82.04,75,96,11.79,MV,1601464496
Aklavik,68.22,-135.01,32.0,87,5,6.93,CA,1601464496
Rawson,-43.3,-65.1,42.84,71,100,9.06,AR,1601464497
Kibala,9.11,18.35,73.4,88,75,1.86,TD,1601464497
Deputatsky,69.3,139.9,28.72,96,21,26.71,RU,1601464497
South Burlington,44.47,-73.17,55.4,93,90,10.29,US,1601464497
Suntar,62.14,117.63,32.31,87,100,2.82,RU,1601464479
San Vicente,-26.62,-54.13,80.19,54,12,4.09,AR,1601464498
Eucaliptus,-17.58,-67.52,42.94,76,42,3.91,BO,1601464498
Mackay,-21.15,149.2,71.6,64,40,10.29,AU,1601464498
Amarante do Maranhão,-5.57,-46.74,78.89,66,42,5.19,BR,1601464498
Xai-Xai,-25.05,33.64,70.61,74,87,13.11,MZ,1601464499
Birao,10.28,22.79,77.74,84,100,3.96,CF,1601464499
Monywa,22.12,95.13,88.11,67,55,5.91,MM,1601464463
Āwash,8.98,40.17,88.03,37,81,13.44,ET,1601464499
Guane,22.2,-84.09,75.49,88,7,3.38,CU,1601464499
Darhan,49.49,105.92,41.7,66,100,21.83,MN,1601464500
Biak,-0.91,122.88,78.67,80,96,5.1,ID,1601464500
General Roca,-39.03,-67.58,53.6,46,81,11.41,AR,1601464500
Pastos Bons,-6.6,-44.08,83.21,53,17,6.4,BR,1601464500
Igrim,63.19,64.42,57.72,64,0,4.59,RU,1601464295
San Carlos,9.66,-68.58,73.04,92,87,1.79,VE,1601464501
Saint-Joseph,-21.37,55.62,77.0,65,75,6.93,RE,1601464501
Lagoa,39.05,-27.98,68.59,80,65,12.57,PT,1601464501
Hiroshima,34.4,132.46,69.8,83,75,5.82,JP,1601464467
Mairi,-11.71,-40.15,71.13,73,83,9.69,BR,1601464502
San Patricio,19.22,-104.7,78.69,84,100,2.42,MX,1601464502
Saint-Pierre,-21.34,55.48,77.0,65,75,6.93,RE,1601464502
Sawtell,-30.38,153.1,62.6,63,40,10.29,AU,1601464503
Olafsvik,64.89,-23.71,39.72,83,87,10.09,IS,1601464469
Znamenskoye,57.13,73.83,40.82,89,100,4.76,RU,1601464503
Port Blair,11.67,92.75,82.36,78,18,16.93,IN,1601464503
São João,-8.88,-36.37,70.41,73,49,12.17,BR,1601464504
Teguise,29.06,-13.56,78.8,61,40,8.05,ES,1601464504
Libertador General San Martín,-23.81,-64.79,66.99,51,0,1.99,AR,1601464504
Non Sung,15.18,102.26,86.0,70,20,10.29,TH,1601464504
Krasnosel'kup,65.7,82.47,40.26,80,89,12.41,RU,1601464505
Tura,25.52,90.22,82.85,86,58,1.63,IN,1601464465
Zhangye,38.93,100.45,57.47,37,58,3.31,CN,1601464505
Waingapu,-9.66,120.26,81.55,67,26,9.13,ID,1601464456
Catalão,-18.17,-47.95,84.18,27,12,16.37,BR,1601464506
Claveria,18.61,121.08,80.26,81,92,3.4,PH,1601464506
La Ronge,55.1,-105.28,44.6,70,75,16.11,CA,1601464506
Seoul,37.57,126.98,69.8,82,90,1.07,KR,1601464208
Santa Rosalía,27.32,-112.28,79.54,64,0,2.15,MX,1601464302
Moerai,-22.43,-151.33,72.0,76,10,18.43,PF,1601464507
Whakatane,-37.96,176.99,50.0,81,93,1.01,NZ,1601464231
Churāchāndpur,24.33,93.67,82.4,54,75,3.36,IN,1601464507
Invermere,50.52,-116.04,43.0,88,0,1.45,CA,1601464508
Kavaratti,10.57,72.64,86.0,70,40,6.93,IN,1601464488
Samoded,63.61,40.51,50.31,92,99,5.1,RU,1601464508
Erzin,36.96,36.2,84.99,73,2,15.99,TR,1601464508
Amga,60.9,131.96,38.75,74,72,3.2,RU,1601464273
Mīzan Teferī,6.98,35.58,63.19,94,100,1.01,ET,1601464509
Vostok,46.49,135.88,40.59,91,100,1.05,RU,1601464509
Yurginskoye,56.82,67.39,56.21,74,69,7.25,RU,1601464509
Grand-Lahou,5.14,-5.02,79.2,84,97,10.54,CI,1601464510
Kerrville,30.05,-99.14,55.99,70,1,4.88,US,1601464510
Tabas,33.6,56.92,80.6,12,0,2.24,IR,1601464510
Burns Lake,54.23,-125.75,47.37,90,100,2.86,CA,1601464510
Balkhash,46.84,74.98,59.0,14,27,20.13,KZ,1601464510
Grand Gaube,-20.01,57.66,75.99,69,13,7.0,MU,1601464292
Areosa,41.72,-8.86,66.2,72,3,6.93,PT,1601464511
Dunedin,-45.87,170.5,50.0,74,43,5.01,NZ,1601464511
Thinadhoo,0.53,72.93,82.8,71,100,4.25,MV,1601464502
Bonavista,48.65,-53.11,61.74,89,94,14.2,CA,1601464296
Guerrero Negro,27.98,-114.06,76.86,52,0,3.69,MX,1601464512
Gravdal,68.12,13.5,55.4,76,75,3.36,NO,1601464512
Avera,33.19,-82.53,53.6,100,1,7.87,US,1601464512
Kiama,-34.68,150.87,63.0,70,73,13.0,AU,1601464513
Kamenka,51.32,42.77,71.01,27,100,7.0,RU,1601464513
Helensburgh,56.01,-4.73,53.6,87,100,13.87,GB,1601464513
Laas,46.62,10.7,60.01,58,40,6.93,IT,1601464279
Leningradskiy,69.38,178.42,34.95,83,100,3.49,RU,1601464514
Ruteng,-8.61,120.47,64.27,100,74,2.42,ID,1601464480
Sabang,5.89,95.32,83.3,68,35,1.99,ID,1601464307
Abrau-Dyurso,44.69,37.59,66.2,88,75,4.47,RU,1601464515
Babynino,54.39,35.73,66.2,29,30,17.9,RU,1601464516
Vredendal,-31.67,18.5,68.65,37,0,20.85,ZA,1601464516
Faya,18.39,42.45,82.4,12,20,8.05,SA,1601464516
Vidalia,32.22,-82.41,55.4,87,1,3.36,US,1601464517
Shelburne,44.08,-80.2,50.0,87,90,3.36,CA,1601464517
Bereda,43.27,-7.54,68.0,80,24,8.01,ES,1601464517
Banjar,-8.19,114.97,82.4,100,40,14.99,ID,1601464517
Taltal,-25.4,-70.48,56.59,71,28,1.14,CL,1601464518
Windsor,42.3,-83.02,51.8,87,90,12.75,CA,1601464518
Kangaba,11.93,-8.42,85.06,69,100,6.46,ML,1601464519
Kamaishi,39.27,141.88,60.8,72,20,5.82,JP,1601464305
Camapuã,-19.53,-54.04,88.48,21,39,3.22,BR,1601464519
Motygino,58.18,94.76,36.01,78,76,5.21,RU,1601464520
Gwanda,-20.93,29.0,72.09,64,100,15.12,ZW,1601464520
Srandakan,-7.94,110.25,78.78,82,33,10.2,ID,1601464467
Agirish,61.92,63.02,58.15,61,1,6.49,RU,1601464521
Muros,42.78,-9.06,64.0,71,44,5.99,ES,1601464522
San Antonio,29.42,-98.49,51.8,81,1,4.65,US,1601464361
Pacific Grove,36.62,-121.92,57.2,100,90,4.81,US,1601464523
Omboué,-1.57,9.26,82.04,60,92,8.75,GA,1601464523
Nazas,25.23,-104.13,58.96,59,0,1.39,MX,1601464523
Podporozh'ye,60.91,34.17,61.05,68,31,2.3,RU,1601464523
Tarakan,3.3,117.63,82.47,80,76,11.77,ID,1601464244
Ōfunato,39.07,141.72,60.8,72,20,5.82,JP,1601464281
Zhezkazgan,47.8,67.71,64.4,34,9,15.66,KZ,1601464524
Meridian,43.61,-116.39,57.2,100,0,1.41,US,1601464524
Juneau,58.3,-134.42,48.0,93,40,3.36,US,1601464455
Lam Luk Ka,13.93,100.75,89.6,59,40,9.17,TH,1601464525
Aswān,24.09,32.91,107.64,8,0,2.75,EG,1601464525
Leh,34.17,77.58,56.21,21,0,8.59,IN,1601464400
Nome,64.5,-165.41,39.2,69,90,8.05,US,1601464526
Anloga,5.79,0.9,80.6,83,40,13.87,GH,1601464526
Bay Roberts,47.6,-53.26,68.0,88,75,5.82,CA,1601464526
Chalmette,29.94,-89.96,64.0,100,1,3.13,US,1601464527
Hobyo,5.35,48.53,83.07,64,0,19.77,SO,1601464527
Sokoni,-6.43,39.55,87.8,62,40,13.87,TZ,1601464527
Korla,41.76,86.15,64.0,26,0,5.88,CN,1601464287
Mabaruma,8.2,-59.78,75.04,95,81,2.75,GY,1601464527
Riohacha,11.54,-72.91,76.5,83,99,3.36,CO,1601464528
Palmer,42.16,-72.33,69.8,94,75,13.87,US,1601464528
Tadine,-21.55,167.88,65.64,73,4,15.41,NC,1601464528
Hamadan,34.8,48.51,75.2,25,20,4.7,IR,1601464320
Polson,47.69,-114.16,48.0,53,0,4.83,US,1601464529
Goianésia,-15.32,-49.12,84.92,21,96,10.58,BR,1601464529
Viedma,-40.81,-63.0,55.0,49,100,3.0,AR,1601464305
Villazón,-22.09,-65.59,47.07,43,0,7.2,BO,1601464530
Akureyri,65.68,-18.09,42.8,81,100,10.29,IS,1601464263
Kalakamati,-20.59,27.31,78.8,50,40,17.22,BW,1601464530
Eskil,38.4,33.41,73.09,30,0,8.32,TR,1601464530
Ginda,30.69,78.49,87.8,55,20,3.36,IN,1601464530
Mālūr,13.01,77.94,80.6,69,75,9.17,IN,1601464515
Dourbali,11.81,15.86,88.61,56,80,10.94,TD,1601464531
Karratha,-20.74,116.85,77.38,44,3,10.63,AU,1601464531
Fria,10.42,-13.58,86.97,72,71,1.72,GN,1601464531
Adolfo López Mateos,28.47,-107.3,42.21,63,0,2.08,MX,1601464532
Onda,39.97,-0.25,73.99,66,64,3.0,ES,1601464532
Tobol,52.68,62.58,59.54,54,8,7.76,KZ,1601464533
Batouri,4.43,14.37,82.89,65,59,5.44,CM,1601464533
Kiruna,67.86,20.23,46.4,100,90,6.93,SE,1601464533
Tupelo,34.26,-88.7,51.8,87,1,5.06,US,1601464533
Forsytheganj,52.63,29.73,62.87,46,99,16.89,BY,1601464534
Umm Hājar,13.3,19.7,90.19,44,83,8.1,TD,1601464534
Tommot,58.96,126.29,44.62,74,100,3.65,RU,1601464482
Mwinilunga,-11.74,24.43,93.09,30,68,2.19,ZM,1601464534
Changtu,42.78,124.1,51.64,66,2,4.9,CN,1601464360
Xifeng,42.74,124.72,48.69,73,0,5.14,CN,1601464535
Hajnówka,52.74,23.58,59.0,69,100,4.0,PL,1601464535
Presidente Olegário,-18.42,-46.42,77.0,53,1,6.91,BR,1601464536
Mahibadhoo,3.78,72.97,82.89,72,87,9.8,MV,1601464536
Palauig,15.44,119.9,82.92,74,100,2.98,PH,1601464536
Guantánamo,20.14,-75.21,78.8,94,75,8.05,CU,1601464536
Port-Gentil,-0.72,8.78,86.0,66,40,13.87,GA,1601464292
Tilichiki,60.47,166.1,38.98,94,100,2.33,RU,1601464273
Jumla,29.27,82.18,59.0,92,69,1.99,NP,1601464537
West Bay,19.37,-81.42,82.0,84,40,1.99,KY,1601464537
Kungurtug,50.6,97.52,35.08,80,99,5.99,RU,1601464538
Cadillac,44.25,-85.4,48.2,100,90,6.93,US,1601464538
Walvis Bay,-22.96,14.51,55.99,71,5,10.29,NA,1601464538
Kyra,49.58,111.98,41.38,89,100,3.58,RU,1601464276
Barra Patuca,15.8,-84.28,78.51,82,14,1.1,HN,1601464539
Eyl,7.98,49.82,82.78,60,100,11.68,SO,1601464539
Avanigadda,16.02,80.92,84.2,83,90,4.7,IN,1601464539
Kutum,14.2,24.67,89.1,23,99,5.59,SD,1601464539
Nosy Varika,-20.58,48.53,79.16,68,0,13.35,MG,1601464539
Baraya,3.15,-75.05,73.13,60,80,1.41,CO,1601464540
Itaituba,-4.28,-55.98,81.27,64,94,3.62,BR,1601464540
Aykhal,66.0,111.5,26.6,68,90,4.47,RU,1601464540
Karamürsel,40.69,29.62,71.6,60,75,1.12,TR,1601464540
Hervey Bay,-25.3,152.85,66.0,65,36,1.01,AU,1601464541
Vanimo,-2.67,141.3,80.51,79,52,3.87,PG,1601464541
Vila Velha,-20.33,-40.29,80.01,83,21,5.82,BR,1601464541
Meadow Lake,34.8,-106.54,55.4,30,1,3.36,US,1601464541
Pisco,-13.7,-76.22,61.0,87,51,3.36,PE,1601464541
Novooleksiyivka,46.23,34.64,69.13,71,76,7.78,UA,1601464542
Poronaysk,49.22,143.12,48.49,74,7,7.61,RU,1601464277
Virginia Beach,36.85,-75.98,63.0,88,90,9.17,US,1601464398
Gazli,40.13,63.45,70.72,20,0,6.58,UZ,1601464543
Kobayashi,31.98,130.98,68.0,93,75,4.7,JP,1601464543
Kemijärvi,66.71,27.43,51.1,85,100,5.41,FI,1601464543
Nangong,37.36,115.37,67.03,55,94,3.65,CN,1601464543
La Seyne-sur-Mer,43.1,5.88,70.0,68,5,6.93,FR,1601464544
Adrar,20.5,-10.07,97.25,15,4,15.14,MR,1601464544
Takāb,36.4,47.11,70.77,27,1,5.88,IR,1601464544
Bagdarin,54.43,113.6,36.1,82,73,1.59,RU,1601464544
Lukulu,-14.37,23.24,95.47,24,83,5.64,ZM,1601464544
Ouadda,8.08,22.4,76.39,82,90,5.28,CF,1601464545
Atambua,-9.11,124.89,76.08,77,10,2.13,ID,1601464546
Ocara,-4.49,-38.6,78.42,60,42,9.1,BR,1601464546
Texarkana,33.43,-94.05,54.0,76,1,5.82,US,1601464546
Monrovia,6.3,-10.8,84.2,79,75,3.36,LR,1601464546
Breves,-1.68,-50.48,77.77,83,21,5.46,BR,1601464546
Santa Maria,-29.68,-53.81,69.21,89,76,3.56,BR,1601464547
Torrington,41.8,-73.12,64.99,99,100,5.99,US,1601464548
Havre-St-Pierre,50.23,-63.6,59.0,100,90,6.93,CA,1601464548
Port Hardy,50.7,-127.42,51.8,100,5,6.93,CA,1601464501
Normandin,48.83,-72.53,53.6,100,90,5.06,CA,1601464297
Gwadar,25.12,62.33,86.18,59,0,14.85,PK,1601464548
Nouadhibou,20.93,-17.03,77.0,61,0,13.87,MR,1601464497
Okhotsk,59.38,143.3,44.8,81,100,2.37,RU,1601464549
Salamiyah,35.01,37.05,95.27,17,0,26.53,SY,1601464549
Fes,34.04,-5.0,80.6,42,100,5.82,MA,1601464290
Maputo,-25.97,32.59,68.0,88,75,8.05,MZ,1601464421
Fort Nelson,58.81,-122.7,30.2,86,5,2.24,CA,1601464300
Baie-Comeau,49.22,-68.15,51.8,100,90,6.93,CA,1601464505
Dzaoudzi,-12.79,45.27,86.0,66,9,11.41,YT,1601464550
Caravelas,-17.71,-39.25,78.96,69,41,6.8,BR,1601464551
Nadym,65.53,72.52,46.44,71,100,1.41,RU,1601464272
Noumea,-22.28,166.46,64.4,59,75,4.7,NC,1601464551
Pallapatti,11.66,78.13,83.3,69,94,2.8,IN,1601464551
Pusztaszer,46.55,19.99,60.01,77,90,16.11,HU,1601464552
Awjilah,29.11,21.29,94.59,29,0,6.53,LY,1601464552
Husavik,66.04,-17.34,42.8,81,100,10.29,IS,1601464552
Warrnambool,-38.38,142.48,52.0,91,94,7.0,AU,1601464470
Misratah,32.38,15.09,81.27,53,0,8.93,LY,1601464553
Filingué,14.35,3.32,94.28,41,27,10.25,NE,1601464553
Brodokalmak,55.57,62.08,50.0,100,90,4.47,RU,1601464553
Šilalė,55.49,22.18,61.45,68,100,9.8,LT,1601464480
Gilgit,35.92,74.31,75.96,18,52,6.33,PK,1601464554
Lumeje,-11.55,20.78,96.49,27,95,1.63,AO,1601464555
Melito di Porto Salvo,37.92,15.77,77.0,53,20,11.41,IT,1601464555
Bud,39.45,-86.18,50.0,87,40,6.93,US,1601464555
Mayor Pablo Lagerenza,-19.93,-60.77,87.06,40,0,15.55,PY,1601464556
Chemodanovka,53.23,45.25,65.84,36,100,8.93,RU,1601464556
Mpanda,-6.37,31.04,94.12,33,37,1.57,TZ,1601464556
Cooma,-36.23,149.13,48.2,100,90,8.05,AU,1601464556
Kachug,53.96,105.88,34.66,86,96,6.69,RU,1601464557
Kawalu,-7.38,108.21,74.91,87,53,4.43,ID,1601464547
Akçakoca,41.09,31.12,70.12,61,25,9.55,TR,1601464557
Jvari,42.72,42.05,80.01,34,100,3.76,GE,1601464557
Mossamedes,-15.2,12.15,68.0,77,90,5.82,AO,1601464558
Conceição da Barra,-18.59,-39.73,79.21,69,44,6.4,BR,1601464558
Bridlington,54.08,-0.19,57.0,75,100,10.0,GB,1601464311
Vao,-22.67,167.48,66.69,69,0,23.67,NC,1601464558
Artsyz,45.99,29.42,68.77,44,80,9.51,UA,1601464558
Port Hedland,-20.32,118.57,80.6,57,0,9.17,AU,1601464306
Verkh-Usugli,52.7,115.17,36.68,92,91,0.43,RU,1601464276
Sault Ste. Marie,46.52,-84.33,50.0,93,90,4.7,CA,1601464502
Hermitage,41.23,-80.45,50.0,87,20,9.17,US,1601464559
Alugan,12.22,125.48,82.17,77,100,1.9,PH,1601464560
Metro,-5.11,105.31,81.21,70,34,7.27,ID,1601464560
Çan,40.03,27.05,75.2,57,40,16.11,TR,1601464560
Pogranichnyy,44.41,131.38,46.87,81,5,3.02,RU,1601464277
Tubmanburg,6.87,-10.82,85.82,65,83,3.24,LR,1601464560
Amapá,1.0,-52.0,75.61,92,34,2.3,BR,1601464561
Petauke,-14.24,31.33,95.02,19,0,9.15,ZM,1601464561
Sistranda,63.73,8.83,59.0,62,20,6.93,NO,1601464466
Novy Urengoy,66.08,76.63,42.84,75,100,6.35,RU,1601464561
Jinchang,38.5,102.17,55.63,40,96,5.3,CN,1601464562
San Pedro del Paraná,-26.83,-56.2,78.8,54,5,6.93,PY,1601464562
Thanh Hoa,19.8,105.77,81.46,86,83,4.97,VN,1601464313
Dandong,40.13,124.39,55.99,70,6,5.41,CN,1601464343
Wau,7.7,28.0,79.52,82,91,4.97,SS,1601464563
Beatrice,40.27,-96.75,59.0,62,1,9.17,US,1601464563
Jalor,25.35,72.62,95.47,29,26,1.59,IN,1601464563
Havøysund,71.0,24.66,51.8,87,40,8.05,NO,1601464466
Brae,60.4,-1.35,55.4,82,40,26.4,GB,1601464563
Chicama,-7.84,-79.15,61.3,85,88,4.59,PE,1601464564
Berbera,10.44,45.01,94.19,48,94,15.52,SO,1601464564
Ambon City,-3.7,128.18,77.0,94,40,6.93,ID,1601464565
Coquimbo,-29.95,-71.34,46.4,81,0,4.7,CL,1601464565
Tsimmerbude,54.67,20.13,60.8,72,100,11.18,RU,1601464565
Mayo,38.89,-76.51,57.2,100,75,8.05,US,1601464565
Senno,59.53,33.92,60.35,64,6,4.63,RU,1601464566
Tumaco,1.8,-78.82,74.7,90,100,11.25,CO,1601464566
Aden,12.78,45.04,87.1,67,1,16.37,YE,1601464566
Bogoslovka,53.21,44.8,65.35,36,100,11.68,RU,1601464566
Sakaiminato,35.55,133.23,68.0,88,75,3.36,JP,1601464566
De-Kastri,51.47,140.78,48.92,79,33,6.17,RU,1601464567
Wanning,18.8,110.4,82.29,80,96,4.34,CN,1601464567
Wanlaweyn,2.62,44.89,95.29,33,0,18.39,SO,1601464567
Lata,40.16,-8.33,73.0,83,67,7.0,PT,1601464568
Lumbog,7.56,123.2,77.58,86,100,2.37,PH,1601464568
Porto-Novo,6.5,2.6,82.4,83,40,16.11,BJ,1601464392
Diamantino,-14.41,-56.45,84.92,34,27,2.89,BR,1601464568
Saint Anthony,45.02,-93.22,52.0,71,90,13.87,US,1601464568
Vestmannaeyjar,63.44,-20.27,44.6,75,40,5.82,IS,1601464569
Taoudenni,22.68,-3.98,107.58,7,2,8.16,ML,1601464569
Fuerte Olimpo,-21.04,-57.87,82.36,43,0,5.53,PY,1601464510
Syracuse,37.09,15.28,80.01,57,18,3.36,IT,1601464569
Vardø,70.37,31.11,51.8,87,75,9.17,NO,1601464570
Rognan,67.1,15.39,59.0,71,53,5.01,NO,1601464570
Bouca,6.51,18.27,85.32,62,65,4.32,CF,1601464571
Porirua,-41.13,174.85,42.01,89,0,4.68,NZ,1601464564
Tongling,30.95,117.78,69.13,74,0,5.14,CN,1601464330
College,64.86,-147.8,48.99,57,75,12.75,US,1601464571
Hauterive,46.09,3.45,64.0,63,2,2.24,FR,1601464572
Broken Hill,-31.95,141.43,62.6,55,80,13.87,AU,1601464572
Tepelenë,40.3,20.02,62.01,78,53,1.01,AL,1601464573
Lavumisa,-27.31,31.89,62.8,72,99,3.22,SZ,1601464500
Kindersley,51.47,-109.17,35.6,69,5,16.11,CA,1601464295
Belmonte,-15.86,-38.88,77.0,78,75,4.7,BR,1601464573
San Juan Evangelista,17.9,-95.13,72.99,67,96,13.24,MX,1601464573
Marquette,46.53,-87.63,48.0,95,89,5.88,US,1601464574
Sémbé,1.65,14.58,83.75,68,69,2.98,CG,1601464574
Kālīganj,23.41,89.14,88.7,77,47,1.52,BD,1601464574
San Rafael,-34.62,-68.33,57.42,33,0,14.54,AR,1601464305
Yaan,7.38,8.57,81.66,77,98,6.04,NG,1601464575
Vung Tau,10.35,107.08,85.14,77,87,11.07,VN,1601464444
